{"stats":{"minecraft:mined":{"eidolon:lead_ore":4,"sculkhorde:tendrils":1,"minecraft:sculk_vein":2,"minecraft:powder_snow":15,"minecraft:oak_fence":1,"minecraft:clay":6,"minecraft:crafting_table":3,"minecraft:torch":4,"minecraft:granite":4,"minecraft:grass_block":3,"minecraft:cobblestone":10,"minecraft:oak_planks":2,"minecraft:moss_block":1,"minecraft:diorite":13,"minecraft:wall_torch":1,"eidolon:illwood_log":45,"minecraft:spawner":1,"minecraft:sculk_catalyst":1,"minecraft:furnace":1,"antlers:sheep_corpse":1,"minecraft:birch_log":7,"minecraft:iron_ore":26,"minecraft:birch_leaves":2,"minecraft:andesite":19,"eidolon:illwood_leaves":15,"antlers:bloody_pig":1,"eidolon:illwood_planks":5,"minecraft:grass":2,"minecraft:bookshelf":24,"minecraft:coal_ore":51,"minecraft:cave_vines":1,"minecraft:iron_bars":3,"minecraft:dirt":5,"minecraft:stone":156,"minecraft:stone_bricks":7,"minecraft:small_dripleaf":1,"minecraft:oak_leaves":1,"minecraft:deepslate":1},"minecraft:broken":{"minecraft:stone_pickaxe":1},"minecraft:dropped":{"minecraft:name_tag":1,"minecraft:golden_apple":2,"minecraft:wooden_axe":1,"minecraft:cooked_salmon":13,"eidolon:illwood_log":4,"minecraft:wooden_pickaxe":1},"minecraft:killed":{"minecraft:skeleton":2,"minecraft:zombie":8},"minecraft:used":{"minecraft:diorite":4,"minecraft:iron_shovel":1,"minecraft:stone_pickaxe":202,"minecraft:oak_planks":1,"minecraft:wooden_pickaxe":39,"minecraft:shield":10,"eidolon:illwood_planks":1,"minecraft:iron_sword":37,"minecraft:cooked_salmon":8,"minecraft:rotten_flesh":4,"minecraft:torch":8,"minecraft:golden_apple":1,"minecraft:glow_berries":2,"minecraft:dirt":5,"minecraft:crafting_table":5,"minecraft:wooden_axe":46,"minecraft:bread":12,"minecraft:iron_pickaxe":79,"eidolon:illwood_log":2,"minecraft:stone_bricks":4,"minecraft:stone_axe":40,"minecraft:cobblestone":2,"minecraft:furnace":1,"minecraft:iron_leggings":2},"minecraft:custom":{"minecraft:interact_with_furnace":4,"minecraft:mob_kills":10,"minecraft:interact_with_crafting_table":8,"minecraft:leave_game":4,"minecraft:time_since_death":0,"minecraft:sleep_in_bed":1,"minecraft:climb_one_cm":1073,"minecraft:time_since_rest":22264,"minecraft:sprint_one_cm":153068,"minecraft:damage_absorbed":40,"minecraft:damage_taken":2812,"minecraft:walk_one_cm":97396,"minecraft:damage_blocked_by_shield":495,"minecraft:drop":12,"minecraft:damage_dealt":2720,"minecraft:swim_one_cm":40313,"minecraft:fly_one_cm":161757,"minecraft:open_chest":7,"minecraft:crouch_one_cm":13596,"minecraft:play_time":84030,"minecraft:deaths":5,"minecraft:sneak_time":5785,"minecraft:walk_under_water_one_cm":7376,"minecraft:jump":1142,"minecraft:walk_on_water_one_cm":17963,"minecraft:total_world_time":84030,"minecraft:fall_one_cm":31839},"minecraft:picked_up":{"minecraft:birch_log":7,"minecraft:crafting_table":4,"eidolon:illwood_sapling":2,"minecraft:wheat":4,"minecraft:clay_ball":8,"eidolon:raw_silver":4,"minecraft:andesite":31,"minecraft:wooden_pickaxe":2,"eidolon:illwood_log":79,"minecraft:birch_planks":22,"minecraft:shield":2,"minecraft:string":1,"minecraft:dirt":8,"minecraft:cooked_salmon":33,"minecraft:iron_leggings":3,"minecraft:iron_shovel":1,"minecraft:bone":6,"minecraft:stone_bricks":9,"minecraft:cobbled_deepslate":2,"minecraft:stone_pickaxe":2,"minecraft:iron_pickaxe":1,"minecraft:moss_block":2,"minecraft:iron_sword":3,"minecraft:oak_planks":2,"minecraft:furnace":1,"minecraft:iron_boots":2,"minecraft:book":144,"sculkhorde:infested_sturdy_mass":1,"minecraft:stick":7,"minecraft:raw_iron":25,"minecraft:oak_fence":1,"minecraft:torch":21,"minecraft:diorite":23,"eidolon:codex":2,"minecraft:arrow":2,"eidolon:raw_lead":16,"minecraft:rotten_flesh":24,"minecraft:slime_ball":1,"eidolon:illwood_planks":9,"minecraft:stone_axe":2,"minecraft:granite":6,"minecraft:saddle":1,"minecraft:bread":3,"minecraft:oak_sapling":4,"minecraft:glow_berries":1,"minecraft:iron_bars":6,"minecraft:coal":66,"minecraft:rail":4,"minecraft:cobblestone":214,"minecraft:wooden_axe":2},"minecraft:crafted":{"eidolon:illwood_planks":24,"minecraft:crafting_table":3,"minecraft:wooden_pickaxe":1,"minecraft:furnace":1,"minecraft:cooked_salmon":2,"minecraft:birch_planks":28,"minecraft:stone_axe":2,"minecraft:air":0,"minecraft:stick":16,"minecraft:iron_ingot":8,"minecraft:stone_pickaxe":3,"minecraft:iron_pickaxe":1,"minecraft:wooden_axe":1,"minecraft:torch":12},"minecraft:killed_by":{"minecraft:player":2,"minecraft:skeleton":1,"minecraft:creeper":1,"antlers:wendigo":1}},"DataVersion":3465}