{"stats":{"minecraft:mined":{"minecraft:dark_oak_planks":2,"minecraft:white_bed":1,"minecraft:dark_oak_leaves":6,"minecraft:dark_oak_log":7,"minecraft:cave_vines_plant":1,"eidolon:silver_ore":6,"minecraft:grass_block":10,"minecraft:moss_block":1,"minecraft:spawner":2,"eidolon:illwood_log":2,"minecraft:furnace":1,"minecraft:iron_ore":36,"minecraft:andesite":2,"eidolon:illwood_leaves":5,"minecraft:gold_block":2,"minecraft:sculk_shrieker":1,"minecraft:bookshelf":24,"minecraft:cave_vines":1,"sculkhorde:infested_sturdy_mass":4,"minecraft:iron_bars":2,"minecraft:stone":153,"eidolon:lead_ore":8,"sculkhorde:sculk_mass":1,"minecraft:stripped_dark_oak_log":4,"minecraft:stone_brick_slab":2,"minecraft:powder_snow":4,"minecraft:clay":5,"minecraft:crafting_table":2,"minecraft:tall_grass":1,"minecraft:cobblestone":2,"minecraft:diorite":4,"minecraft:grass":6,"minecraft:oak_log":1,"minecraft:dirt":3,"minecraft:cobweb":3,"minecraft:stone_bricks":4,"minecraft:netherrack":1,"minecraft:gold_ore":4,"minecraft:oak_leaves":4},"minecraft:dropped":{"minecraft:iron_sword":2,"minecraft:moss_block":1,"minecraft:wheat_seeds":1,"minecraft:cobblestone":1,"eidolon:raw_silver":2,"minecraft:stick":4,"minecraft:deepslate_brick_stairs":6,"minecraft:diorite":4,"minecraft:torch":4,"minecraft:wooden_axe":1,"eidolon:codex":1,"minecraft:cooked_salmon":23,"minecraft:iron_leggings":2,"minecraft:dark_oak_planks":2,"minecraft:string":8,"minecraft:dark_oak_door":1,"minecraft:stone_axe":1,"eidolon:illwood_planks":8,"minecraft:iron_boots":1,"minecraft:poppy":2,"minecraft:shield":2,"eidolon:raw_lead":1,"minecraft:stone_bricks":1,"minecraft:spider_eye":1,"minecraft:iron_bars":1,"minecraft:arrow":2,"minecraft:stone_pickaxe":1,"minecraft:wooden_pickaxe":2},"minecraft:killed":{"minecraft:cave_spider":1,"sculkhorde:sculk_mite":6,"minecraft:spider":2,"sculkhorde:sculk_zombie":1,"sculkhorde:sculk_mite_aggressor":3,"minecraft:skeleton":4,"eidolon:wraith":1,"sculkhorde:sculk_spitter":3,"minecraft:drowned":1,"eidolon:slimy_slug":2,"sculkhorde:sculk_hatcher":2,"minecraft:salmon":4,"minecraft:creeper":1,"minecraft:zombie":22,"eidolon:zombie_brute":1,"minecraft:cow":1},"minecraft:used":{"minecraft:shield":26,"eidolon:illwood_planks":4,"minecraft:iron_sword":146,"minecraft:cooked_salmon":20,"antlers:bloody_fox":1,"minecraft:torch":53,"minecraft:dirt":15,"minecraft:dark_oak_planks":12,"minecraft:wooden_axe":5,"antlers:wendigo_spawn_egg":1,"minecraft:iron_axe":3,"minecraft:furnace":2,"minecraft:powder_snow_bucket":37,"minecraft:water_bucket":4,"minecraft:stone_pickaxe":74,"minecraft:wooden_pickaxe":14,"sculkhorde:purity_splash_potion":1,"minecraft:golden_apple":1,"minecraft:crafting_table":5,"minecraft:white_bed":2,"minecraft:dark_oak_door":2,"minecraft:diamond_pickaxe":156,"sculkhorde:infested_sturdy_mass":2,"sculkhorde:dev_mass_infectinator_3000":4,"minecraft:stone_axe":53,"minecraft:cobblestone":147,"minecraft:bucket":42,"antlers:sheep_corpse":1},"minecraft:custom":{"minecraft:mob_kills":56,"minecraft:interact_with_crafting_table":13,"minecraft:leave_game":1,"minecraft:time_since_death":65512,"minecraft:climb_one_cm":1026,"minecraft:sprint_one_cm":220355,"minecraft:walk_one_cm":143782,"minecraft:damage_blocked_by_shield":900,"minecraft:drop":48,"minecraft:play_time":65512,"minecraft:sneak_time":6242,"minecraft:walk_under_water_one_cm":11585,"minecraft:jump":1651,"minecraft:walk_on_water_one_cm":11884,"minecraft:total_world_time":65512,"minecraft:interact_with_furnace":6,"minecraft:sleep_in_bed":1,"minecraft:time_since_rest":21783,"minecraft:damage_taken":1171,"minecraft:damage_absorbed":41,"minecraft:damage_dealt":8308,"minecraft:swim_one_cm":49549,"minecraft:fly_one_cm":340522,"minecraft:player_kills":2,"minecraft:open_chest":19,"minecraft:crouch_one_cm":17273,"minecraft:fall_one_cm":39098},"minecraft:picked_up":{"minecraft:crafting_table":2,"minecraft:clay_ball":40,"minecraft:wooden_pickaxe":1,"eidolon:illwood_log":6,"minecraft:gold_block":1,"minecraft:shield":1,"minecraft:string":8,"minecraft:cooked_salmon":5,"minecraft:poppy":2,"minecraft:furnace":1,"sculkhorde:infested_sturdy_mass":3,"minecraft:stick":2,"minecraft:raw_iron":37,"minecraft:torch":2,"minecraft:diorite":8,"minecraft:carrot":1,"minecraft:dark_oak_planks":24,"eidolon:tattered_cloth":2,"minecraft:rotten_flesh":20,"minecraft:arrow":5,"minecraft:deepslate_brick_stairs":6,"minecraft:glow_berries":3,"minecraft:iron_bars":1,"minecraft:cobblestone":171,"eidolon:raw_silver":6,"minecraft:andesite":4,"minecraft:salmon":4,"minecraft:oak_log":1,"minecraft:dirt":15,"minecraft:name_tag":1,"minecraft:bone":1,"minecraft:stone_bricks":1,"minecraft:wheat_seeds":1,"minecraft:deepslate_brick_slab":1,"minecraft:raw_gold":4,"minecraft:stone_pickaxe":1,"minecraft:moss_block":1,"minecraft:iron_sword":1,"minecraft:flowering_azalea":1,"minecraft:book":72,"minecraft:stone_brick_slab":1,"minecraft:white_bed":1,"minecraft:dark_oak_log":7,"minecraft:spider_eye":1,"eidolon:raw_lead":5,"minecraft:slime_ball":1,"minecraft:stone_axe":1,"minecraft:golden_apple":2,"minecraft:stripped_dark_oak_log":4},"minecraft:crafted":{"eidolon:illwood_planks":24,"minecraft:oak_planks":4,"eidolon:codex":2,"minecraft:furnace":1,"minecraft:dark_oak_door":3,"minecraft:iron_boots":2,"minecraft:stone_pickaxe":1,"minecraft:dark_oak_planks":44,"minecraft:crafting_table":3,"minecraft:wooden_pickaxe":1,"minecraft:iron_sword":2,"minecraft:cooked_salmon":5,"minecraft:stone_axe":1,"minecraft:air":0,"minecraft:shield":2,"minecraft:stick":12,"minecraft:wooden_axe":1}},"DataVersion":3465}